gene,logFC,p_val
RALGAPA1,-19.93157,0.0002096046557385805
