gene,logFC,p_val
RALGAPA1,-19.931570012018494,0.0002096046557385805
